urlImagem,dataPublicacao,titulo,link,fonte,dataExtracao,hash
https://s2-g1.glbimg.com/5WrVoTrL2c24Do4OEg3tDprvptE=/540x304/top/smart/https://i.s3.glbimg.com/v1/AUTH_59edd422c0c84a879bd37670ae4f538a/internal_photos/bs/2024/1/P/tCWnbnTHuFIxLcWlmcGA/globo-canal-5-20241101-1800-frame-310355.jpeg,2025-10-24 00:00:00,"Dólar tem leve alta e fecha a R$ 5,39 com dados de inflação no Brasil e nos EUA; Ibovespa avança",https://g1.globo.com/economia/noticia/2025/10/24/dolar-ibovespa.ghtml,G1,2025-10-25 13:25:01,-7109426219425789739
https://s2-g1.glbimg.com/B2YXPBxijNajZUUdb5491y0ehy4=/540x304/top/smart/filters:max_age(3600)/https://s01.video.glbimg.com/deo/vi/31/59/14035931,2025-10-23 00:00:00,"Dólar cai e fecha a R$ 5,38 após sanção dos EUA contra a Rússia; Ibovespa sobe",https://g1.globo.com/economia/noticia/2025/10/23/dolar-ibovespa.ghtml,G1,2025-10-25 13:25:01,-7004448593225293730
https://s2-g1.glbimg.com/Bf5ck8uP4djHFeG95zeBzWqBe-Y=/540x304/top/smart/https://i.s3.glbimg.com/v1/AUTH_59edd422c0c84a879bd37670ae4f538a/internal_photos/bs/2025/R/L/9pGXOhQjWMbLFeAbXt6w/2025-01-22t173936z-1-lynxnpel0l0qj-rtroptp-4-fluxo-cambial-semanal.jpg,2025-10-22 00:00:00,"Dólar tem leve alta e fecha a R$ 5,39 com expectativa por encontro entre Lula e Trump; Ibovespa sobe",https://g1.globo.com/economia/noticia/2025/10/22/dolar-ibovespa.ghtml,G1,2025-10-25 13:25:01,9031043074073860533
https://s2-g1.glbimg.com/GNsmi6t9Kge-50Km_oq7Y8WiUq8=/540x304/top/smart/https://i.s3.glbimg.com/v1/AUTH_59edd422c0c84a879bd37670ae4f538a/internal_photos/bs/2025/D/u/bIbO92QKm2Mwko6Uw45w/2025-08-13t150516z-1527003558-rc2e6gazlupi-rtrmadp-3-zelle-new-york.jpg,2025-10-21 00:00:00,"Dólar sobe e fecha em R$ 5,39, com expectativa por encontro entre Lula e Trump e de olho no fiscal",https://g1.globo.com/economia/noticia/2025/10/21/dolar-ibovespa.ghtml,G1,2025-10-25 13:25:01,9036672091392293590
https://s2-g1.glbimg.com/GNsmi6t9Kge-50Km_oq7Y8WiUq8=/540x304/top/smart/https://i.s3.glbimg.com/v1/AUTH_59edd422c0c84a879bd37670ae4f538a/internal_photos/bs/2025/D/u/bIbO92QKm2Mwko6Uw45w/2025-08-13t150516z-1527003558-rc2e6gazlupi-rtrmadp-3-zelle-new-york.jpg,2025-10-20 00:00:00,"Dólar cai e fecha em R$ 5,37, com atenção ao mercado externo; bolsa avança aos 144 mil pontos",https://g1.globo.com/economia/noticia/2025/10/20/dolar-ibovespa.ghtml,G1,2025-10-25 13:25:01,2165578268713196269
https://s2-g1.glbimg.com/ECRus2vaYglmqd8U8uyeBW4LBrA=/540x304/top/smart/https://i.s3.glbimg.com/v1/AUTH_59edd422c0c84a879bd37670ae4f538a/internal_photos/bs/2025/C/Z/zettfvRi2kgavYRCgtmg/dolar.jpg,2025-10-17 00:00:00,"Dólar cai a R$ 5,40 de olho em negociação do tarifaço e tensão EUA-China; Ibovespa sobe",https://g1.globo.com/economia/noticia/2025/10/17/dolar-ibovespa.ghtml,G1,2025-10-25 13:25:01,7777667731141814730
https://s2-g1.glbimg.com/51JNDo9bnlwmx-uMN08h3Kiiu0s=/540x304/top/smart/https://i.s3.glbimg.com/v1/AUTH_59edd422c0c84a879bd37670ae4f538a/internal_photos/bs/2025/B/M/1ARsNoRxyx7OBBBpJ2bQ/ato20250409037.jpg,2025-10-16 00:00:00,"Dólar cai e fecha a R$ 5,44 com foco nas negociações do tarifaço; Ibovespa recua",https://g1.globo.com/economia/noticia/2025/10/16/dolar-ibovespa.ghtml,G1,2025-10-25 13:25:01,2295501514052773819
https://s2-g1.glbimg.com/s0-h4iagIgcIFGgR1pruRn4IL8Y=/540x304/top/smart/https://i.s3.glbimg.com/v1/AUTH_59edd422c0c84a879bd37670ae4f538a/internal_photos/bs/2024/5/G/y3VSlYQDAv1nqeDvq16A/2024-07-02t201319z-1-lynxmpek610va-rtroptp-4-dolar-abre.jpg,2025-10-15 00:00:00,"Dólar tem leve queda e fecha a R$ 5,46 de olho em EUA-China e relatório do Fed; Ibovespa sobe",https://g1.globo.com/economia/noticia/2025/10/15/dolar-ibovespa.ghtml,G1,2025-10-25 13:25:01,7945137270741694722
https://s2-g1.glbimg.com/fNk56hj_VTsZNoVZH17MbQnKxes=/540x304/top/smart/https://i.s3.glbimg.com/v1/AUTH_59edd422c0c84a879bd37670ae4f538a/internal_photos/bs/2024/U/i/NqrtyVSkGWwLDrtEfzpg/close-up-view-economy-money-concept.jpg,2025-10-14 00:00:00,"Dólar tem leve alta e fecha a R$ 5,46 com tensão EUA-China e discurso de Powell; Ibovespa cai",https://g1.globo.com/economia/noticia/2025/10/14/dolar-ibovespa.ghtml,G1,2025-10-25 13:25:01,-3373158179776646646
https://s2-g1.glbimg.com/337EHfIcrZ4SeOx35QjRNcLtjtI=/540x304/top/smart/https://i.s3.glbimg.com/v1/AUTH_59edd422c0c84a879bd37670ae4f538a/internal_photos/bs/2023/d/z/vFoW5MRSmwxWJBILyNcQ/muitas-notas-de-dolares-dos-eua.jpg,2025-10-13 00:00:00,"Dólar cai e fecha R$ 5,46 com tom mais ameno de Trump sobre a China; Ibovespa sobe",https://g1.globo.com/economia/noticia/2025/10/13/dolar-ibovespa.ghtml,G1,2025-10-25 13:25:01,6637084247282081688
https://s2-g1.glbimg.com/HzojNHLs7_04x4waRHoxVi9GlqA=/540x304/top/smart/https://i.s3.glbimg.com/v1/AUTH_59edd422c0c84a879bd37670ae4f538a/internal_photos/bs/2024/B/T/uVtAgOTCA9ejx6BjZi1g/globo-canal-4-20241217-2000-frame-99768.jpeg,2025-10-10 00:00:00,"Dólar dispara e fecha a R$ 5,50 após ameaça de Trump à China; Ibovespa recua",https://g1.globo.com/economia/noticia/2025/10/10/dolar-ibovespa.ghtml,G1,2025-10-25 13:25:01,-4208565091798100709
https://s2-g1.glbimg.com/fNk56hj_VTsZNoVZH17MbQnKxes=/540x304/top/smart/https://i.s3.glbimg.com/v1/AUTH_59edd422c0c84a879bd37670ae4f538a/internal_photos/bs/2024/U/i/NqrtyVSkGWwLDrtEfzpg/close-up-view-economy-money-concept.jpg,2025-10-09 00:00:00,"Dólar sobe e fecha em R$ 5,37, em meio à cautela global dos investidores; bolsa cai",https://g1.globo.com/economia/noticia/2025/10/09/dolar-ibovespa.ghtml,G1,2025-10-25 13:25:01,-6097814995347282209
https://s2-g1.glbimg.com/0sKCAubiu_PVxv_JBj_4cm_8h54=/540x304/top/smart/https://i.s3.glbimg.com/v1/AUTH_59edd422c0c84a879bd37670ae4f538a/internal_photos/bs/2022/9/9/AB9I06RKaByuAmiOKWfQ/billie-dollar-money-background-1-.jpg,2025-10-08 00:00:00,"Dólar cai e fecha a R$ 5,34 de olho na MP do IOF e em sinais do Fed; Ibovespa sobe",https://g1.globo.com/economia/noticia/2025/10/08/dolar-ibovespa.ghtml,G1,2025-10-25 13:25:01,3413419060722095581
https://s2-g1.glbimg.com/337EHfIcrZ4SeOx35QjRNcLtjtI=/540x304/top/smart/https://i.s3.glbimg.com/v1/AUTH_59edd422c0c84a879bd37670ae4f538a/internal_photos/bs/2023/d/z/vFoW5MRSmwxWJBILyNcQ/muitas-notas-de-dolares-dos-eua.jpg,2025-10-07 00:00:00,"Dólar sobe e fecha a R$ 5,35 com cautela externa; Ibovespa tem forte queda",https://g1.globo.com/economia/noticia/2025/10/07/dolar-ibovespa.ghtml,G1,2025-10-25 13:25:01,1856326262689020559
https://s2-g1.glbimg.com/EFKfNdKIZmLWJG8ZqslUZXRfRXo=/540x304/top/smart/https://i.s3.glbimg.com/v1/AUTH_59edd422c0c84a879bd37670ae4f538a/internal_photos/bs/2025/i/s/ZC3RRqSGiYbHLwfgfCvA/ap25100227604373-1-.jpg,2025-10-06 00:00:00,"Dólar cai e fecha a R$ 5,31 após conversa entre Lula e Trump; Ibovespa recua",https://g1.globo.com/economia/noticia/2025/10/06/dolar-ibovespa.ghtml,G1,2025-10-25 13:25:01,-7077905603974016407
https://s2-g1.glbimg.com/8mvvZ3-cuGUXBAhfwSQnEpnPb90=/540x304/top/smart/https://i.s3.glbimg.com/v1/AUTH_59edd422c0c84a879bd37670ae4f538a/internal_photos/bs/2024/H/q/DVW4KVTAm4HtV81KBWKg/pexels-karolina-grabowska-4386431.jpg,2025-10-03 00:00:00,Dólar fecha em leve queda com atenção ao cenário fiscal no Brasil e paralisação nos EUA; Ibovespa sobe,https://g1.globo.com/economia/noticia/2025/10/03/dolar-ibovespa.ghtml,G1,2025-10-25 13:25:01,-278335727930469644
https://s2-g1.glbimg.com/337EHfIcrZ4SeOx35QjRNcLtjtI=/540x304/top/smart/https://i.s3.glbimg.com/v1/AUTH_59edd422c0c84a879bd37670ae4f538a/internal_photos/bs/2023/d/z/vFoW5MRSmwxWJBILyNcQ/muitas-notas-de-dolares-dos-eua.jpg,2025-10-02 00:00:00,"Dólar sobe e fecha a R$ 5,33 com paralisação nos EUA e isenção do IR no Brasil; Ibovespa recua",https://g1.globo.com/economia/noticia/2025/10/02/dolar-ibovespa.ghtml,G1,2025-10-25 13:25:01,6540927521553639000
https://s2-g1.glbimg.com/lAyLrw3rQFE101TS1Gb3R-P5_8M=/540x304/top/smart/https://i.s3.glbimg.com/v1/AUTH_59edd422c0c84a879bd37670ae4f538a/internal_photos/bs/2019/u/D/bfPYMGQL2UfU7tL7dbxA/2019-03-21t221257z-1650154044-rc149dd58a20-rtrmadp-3-brazil-markets-temer.jpg,2025-10-01 00:00:00,'Shutdown': como a crise orçamentária nos EUA pode afetar o dólar e a bolsa brasileira,https://g1.globo.com/economia/noticia/2025/10/01/shutdown-como-a-crise-orcamentaria-nos-eua-afetar-o-dolar-e-a-bolsa-brasileira.ghtml,G1,2025-10-25 13:25:01,3956771625575716888
https://s2-g1.glbimg.com/JC1Sgu6Xthox-N8Bxlk7rBLa5NY=/540x304/top/smart/https://i.s3.glbimg.com/v1/AUTH_59edd422c0c84a879bd37670ae4f538a/internal_photos/bs/2025/3/v/5lgfbyQ6yzm69F02kHgQ/2025-02-07t180249z-1-lynxmpel160po-rtroptp-4-dolar-abre.jpg,2025-10-01 00:00:00,"Dólar tem leve alta e fecha a R$ 5,32, com foco em 'shutdown' e dados de emprego nos EUA; bolsa cai",https://g1.globo.com/economia/noticia/2025/10/01/dolar-ibovespa.ghtml,G1,2025-10-25 13:25:01,-2130702219659167441
https://s2-g1.glbimg.com/GNsmi6t9Kge-50Km_oq7Y8WiUq8=/540x304/top/smart/https://i.s3.glbimg.com/v1/AUTH_59edd422c0c84a879bd37670ae4f538a/internal_photos/bs/2025/D/u/bIbO92QKm2Mwko6Uw45w/2025-08-13t150516z-1527003558-rc2e6gazlupi-rtrmadp-3-zelle-new-york.jpg,2025-09-30 00:00:00,"Dólar fecha estável a R$ 5,32 com temor de paralisação nos EUA; Ibovespa recua",https://g1.globo.com/economia/noticia/2025/09/30/dolar-ibovespa.ghtml,G1,2025-10-25 13:25:01,-149170762693127949
https://s2-g1.glbimg.com/fNk56hj_VTsZNoVZH17MbQnKxes=/540x304/top/smart/https://i.s3.glbimg.com/v1/AUTH_59edd422c0c84a879bd37670ae4f538a/internal_photos/bs/2024/U/i/NqrtyVSkGWwLDrtEfzpg/close-up-view-economy-money-concept.jpg,2025-09-29 00:00:00,"Dólar cai e fecha a R$ 5,32 com maior apetite a risco; Ibovespa retoma os 146 mil pontos",https://g1.globo.com/economia/noticia/2025/09/29/dolar-ibovespa.ghtml,G1,2025-10-25 13:25:01,472674868465954464
https://s2-g1.glbimg.com/8mvvZ3-cuGUXBAhfwSQnEpnPb90=/540x304/top/smart/https://i.s3.glbimg.com/v1/AUTH_59edd422c0c84a879bd37670ae4f538a/internal_photos/bs/2024/H/q/DVW4KVTAm4HtV81KBWKg/pexels-karolina-grabowska-4386431.jpg,2025-09-26 00:00:00,"Dólar cai e fecha a semana a R$ 5,33, após dados da inflação americana; Ibovespa tem leve alta",https://g1.globo.com/economia/noticia/2025/09/26/dolar-ibovespa.ghtml,G1,2025-10-25 13:25:01,1064305784617113826
https://s2-g1.glbimg.com/fNk56hj_VTsZNoVZH17MbQnKxes=/540x304/top/smart/https://i.s3.glbimg.com/v1/AUTH_59edd422c0c84a879bd37670ae4f538a/internal_photos/bs/2024/U/i/NqrtyVSkGWwLDrtEfzpg/close-up-view-economy-money-concept.jpg,2025-09-25 00:00:00,"Dólar sobe e fecha a R$ 5,36 após dado forte do PIB nos EUA; Ibovespa cai",https://g1.globo.com/economia/noticia/2025/09/25/dolar-ibovespa.ghtml,G1,2025-10-25 13:25:01,-5747978956739550270
https://s2-g1.glbimg.com/HzojNHLs7_04x4waRHoxVi9GlqA=/540x304/top/smart/https://i.s3.glbimg.com/v1/AUTH_59edd422c0c84a879bd37670ae4f538a/internal_photos/bs/2024/B/T/uVtAgOTCA9ejx6BjZi1g/globo-canal-4-20241217-2000-frame-99768.jpeg,2025-09-24 00:00:00,"Dólar sobe a R$ 5,32 com cautela sobre juros nos EUA; Ibovespa tem leve alta e renova recorde",https://g1.globo.com/economia/noticia/2025/09/24/dolar-ibovespa.ghtml,G1,2025-10-25 13:25:01,4597158425070946814
https://s2-g1.glbimg.com/h341GxYEBc4Fz5pVO-wexxOqZIc=/540x304/top/smart/https://i.s3.glbimg.com/v1/AUTH_59edd422c0c84a879bd37670ae4f538a/internal_photos/bs/2025/K/J/NvIKwCR8arhLFNMisILw/2025-01-21t204813z-1-lynxnpel0k0yk-rtroptp-4-brazil-economy.jpg,2025-09-23 00:00:00,"Dólar cai a R$ 5,27 após aceno de Trump a Lula; Ibovespa fecha aos 146 mil pontos pela 1ª vez",https://g1.globo.com/economia/noticia/2025/09/23/dolar-ibovespa.ghtml,G1,2025-10-25 13:25:01,8743251295300338507
https://s2-g1.glbimg.com/JC1Sgu6Xthox-N8Bxlk7rBLa5NY=/540x304/top/smart/https://i.s3.glbimg.com/v1/AUTH_59edd422c0c84a879bd37670ae4f538a/internal_photos/bs/2025/3/v/5lgfbyQ6yzm69F02kHgQ/2025-02-07t180249z-1-lynxmpel160po-rtroptp-4-dolar-abre.jpg,2025-09-22 00:00:00,"Dólar sobe e fecha a R$ 5,33 com novas sanções dos EUA e dados econômicos no radar; Ibovespa cai",https://g1.globo.com/economia/noticia/2025/09/22/dolar-ibovespa.ghtml,G1,2025-10-25 13:25:01,22345375544815789
https://s2-g1.glbimg.com/kgipYzphwr4BHlBXGlOl8R8Y0qI=/540x304/top/smart/https://i.s3.glbimg.com/v1/AUTH_59edd422c0c84a879bd37670ae4f538a/internal_photos/bs/2025/1/B/zoUVsNQY6zDG8O79cckQ/b3-1.jpg,2025-09-19 00:00:00,Ibovespa bate novo recorde e encosta nos 146 mil pontos; dólar fecha estável,https://g1.globo.com/economia/noticia/2025/09/19/dolar-ibovespa.ghtml,G1,2025-10-25 13:25:01,5400161441121938999
https://s2-g1.glbimg.com/EFKfNdKIZmLWJG8ZqslUZXRfRXo=/540x304/top/smart/https://i.s3.glbimg.com/v1/AUTH_59edd422c0c84a879bd37670ae4f538a/internal_photos/bs/2025/i/s/ZC3RRqSGiYbHLwfgfCvA/ap25100227604373-1-.jpg,2025-09-18 00:00:00,"Dólar sobe e fecha a R$ 5,31 após Superquarta; Ibovespa cai",https://g1.globo.com/economia/noticia/2025/09/18/dolar-ibovespa.ghtml,G1,2025-10-25 13:25:01,4152029548139486022
https://s2-g1.glbimg.com/-DEQuAO06uC4kCholA8pig_gUgI=/540x304/top/smart/https://i.s3.glbimg.com/v1/AUTH_59edd422c0c84a879bd37670ae4f538a/internal_photos/bs/2021/b/B/3dVxIdRBG3TBG4Tap31w/2021-07-08t204723z-1-lynxnpeh6715r-rtroptp-4-global-currencies-survey.jpg,2025-09-17 00:00:00,"Ibovespa dispara acima dos 145 mil pontos e tem novo recorde com Superquarta; dólar fecha a R$ 5,30",https://g1.globo.com/economia/noticia/2025/09/17/dolar-ibovespa.ghtml,G1,2025-10-25 13:25:01,-4710346564035454278
https://s2-g1.glbimg.com/s0-h4iagIgcIFGgR1pruRn4IL8Y=/540x304/top/smart/https://i.s3.glbimg.com/v1/AUTH_59edd422c0c84a879bd37670ae4f538a/internal_photos/bs/2024/5/G/y3VSlYQDAv1nqeDvq16A/2024-07-02t201319z-1-lynxmpek610va-rtroptp-4-dolar-abre.jpg,2025-09-16 00:00:00,"Dólar cai pelo 5º dia e fecha a R$ 5,29, de olho na Superquarta; Ibovespa supera os 144 mil pontos",https://g1.globo.com/economia/noticia/2025/09/16/dolar-ibovespa.ghtml,G1,2025-10-25 13:25:01,5988552301371482583
https://s2-g1.glbimg.com/P0w17aRaFCvY8oivzH0H1gHVuRo=/540x304/top/smart/https://i.s3.glbimg.com/v1/AUTH_59edd422c0c84a879bd37670ae4f538a/internal_photos/bs/2022/s/m/8QzFbOTMmQluzS4zrSCA/pexels-pixabay-164527.jpg,2025-09-15 00:00:00,"Dólar cai e fecha a R$ 5,32, menor valor em 15 meses; Ibovespa bate novo recorde",https://g1.globo.com/economia/noticia/2025/09/15/dolar-ibovespa.ghtml,G1,2025-10-25 13:25:01,-9103348053163879370
https://s2-g1.glbimg.com/GNsmi6t9Kge-50Km_oq7Y8WiUq8=/540x304/top/smart/https://i.s3.glbimg.com/v1/AUTH_59edd422c0c84a879bd37670ae4f538a/internal_photos/bs/2025/D/u/bIbO92QKm2Mwko6Uw45w/2025-08-13t150516z-1527003558-rc2e6gazlupi-rtrmadp-3-zelle-new-york.jpg,2025-09-12 00:00:00,"Dólar fecha a R$ 5,35, menor valor em mais de um ano; Ibovespa recua após recorde na véspera",https://g1.globo.com/economia/noticia/2025/09/12/dolar-ibovespa.ghtml,G1,2025-10-25 13:25:01,-5071255408486494919
https://admin.cnnbrasil.com.br/wp-content/uploads/sites/12/Reuters_Direct_Media/BrazilOnlineReportBusinessNews/tagreuters.com2025binary_LYNXNPEL970YX-BASEIMAGE.jpg?w=419&h=249&crop=1,2025-10-24 00:00:00,"Ibovespa sobe 1,9% na semana após dados de inflação; dólar varia pouco",https://www.cnnbrasil.com.br/economia/mercado/mercado-financeiro-ibovespa-dolar-24-outubro-2025/,CNN,2025-10-25 13:25:17,-7795387600511820812
https://admin.cnnbrasil.com.br/wp-content/uploads/sites/12/Reuters_Direct_Media/BrazilOnlineReportBusinessNews/tagreuters.com2025binary_LYNXNPEL970YX-BASEIMAGE.jpg?w=419&h=249&crop=1,2025-10-23 00:00:00,"Bolsa acompanha disparada do petróleo e fecha em alta; dólar cai a R$ 5,39",https://www.cnnbrasil.com.br/economia/mercado/mercado-financeiro-ibovespa-dolar-23-outubro-2025/,CNN,2025-10-25 13:25:17,5498426680018871133
https://admin.cnnbrasil.com.br/wp-content/uploads/sites/12/2025/10/Presidente-Lula-17-e1759884838207.jpg?w=419&h=249&crop=1,2025-10-23 00:00:00,"Antes de encontrar Trump, Lula volta a defender comércio com moedas locais",https://www.cnnbrasil.com.br/economia/macroeconomia/antes-de-encontrar-trump-lula-volta-a-defender-comercio-com-moedas-locais/,CNN,2025-10-25 13:25:17,-8155069366233767623
https://admin.cnnbrasil.com.br/wp-content/uploads/sites/12/Reuters_Direct_Media/BrazilOnlineReportBusinessNews/tagreuters.com2025binary_LYNXNPEL970YX-BASEIMAGE.jpg?w=419&h=249&crop=1,2025-10-22 00:00:00,Dólar oscila pouco com fiscal no radar; Ibovespa fecha em alta,https://www.cnnbrasil.com.br/economia/mercado/mercado-financeiro-ibovespa-dolar-22-outubro-2025/,CNN,2025-10-25 13:25:17,-7251345028445605638
https://admin.cnnbrasil.com.br/wp-content/uploads/sites/12/2025/10/trump-milei-casa-branca-1.jpg?w=419&h=249&crop=1,2025-10-21 00:00:00,Entenda acordo de US$ 20 bilhões entre EUA e Argentina,https://www.cnnbrasil.com.br/economia/macroeconomia/entenda-acordo-de-us-20-bilhoes-de-entre-eua-e-argentina/,CNN,2025-10-25 13:25:17,-9105537680890223209
https://admin.cnnbrasil.com.br/wp-content/uploads/sites/12/Reuters_Direct_Media/BrazilOnlineReportBusinessNews/tagreuters.com2025binary_LYNXNPEL890K8-BASEIMAGE.jpg?w=419&h=249&crop=1,2025-10-21 00:00:00,"Dólar sobe a R$ 5,39 e acompanha ritmo do exterior; Ibovespa cai",https://www.cnnbrasil.com.br/economia/mercado/mercado-financeiro-ibovespa-dolar-21-outubro-2025/,CNN,2025-10-25 13:25:17,-3117239541824042872
https://admin.cnnbrasil.com.br/wp-content/uploads/sites/12/Reuters_Direct_Media/BrazilOnlineReportBusinessNews/tagreuters.com2025binary_LYNXNPEL8B0X2-BASEIMAGE.jpg?w=419&h=249&crop=1,2025-10-20 00:00:00,"Ibovespa fecha em alta com dados e tarifas no radar; dólar cai a R$ 5,37",https://www.cnnbrasil.com.br/economia/mercado/mercado-financeiro-ibovespa-dolar-20-outubro-2025/,CNN,2025-10-25 13:25:17,1117698746516750956
https://admin.cnnbrasil.com.br/wp-content/uploads/sites/12/Reuters_Direct_Media/BrazilOnlineReportBusinessNews/tagreuters.com2025binary_LYNXNPEL9910R-BASEIMAGE.jpg?w=419&h=249&crop=1,2025-10-17 00:00:00,"Ibovespa sobe 1,9% em semana de tensão China-EUA; dólar cai a R$ 5,41",https://www.cnnbrasil.com.br/economia/mercado/mercado-financeiro-ibovespa-dolar-17-outubro-2025/,CNN,2025-10-25 13:25:17,9014130907623203082
https://admin.cnnbrasil.com.br/wp-content/uploads/sites/12/Reuters_Direct_Media/BrazilOnlineReportBusinessNews/tagreuters.com2025binary_LYNXNPEL980O0-BASEIMAGE.jpg?w=419&h=249&crop=1,2025-10-16 00:00:00,Bolsa e dólar fecham em queda com prévia do PIB e tensão EUA-China,https://www.cnnbrasil.com.br/economia/mercado/mercado-financeiro-ibovespa-dolar-16-outubro-2025/,CNN,2025-10-25 13:25:17,-1799681172351077292
https://admin.cnnbrasil.com.br/wp-content/uploads/sites/12/Reuters_Direct_Media/BrazilOnlineReportBusinessNews/tagreuters.com2025binary_LYNXNPEL90260-BASEIMAGE.jpg?w=419&h=249&crop=1,2025-10-15 00:00:00,"Ibovespa fecha em alta de 0,7% com tensão entre EUA e China; dólar cai",https://www.cnnbrasil.com.br/economia/mercado/mercado-financeiro-ibovespa-dolar-15-outubro-2025/,CNN,2025-10-25 13:25:17,4848269209285856256
https://admin.cnnbrasil.com.br/wp-content/uploads/sites/12/Reuters_Direct_Media/BrazilOnlineReportWorldNews/tagreuters.com2025binary_LYNXMPEL5F0N3-BASEIMAGE.jpg?w=419&h=249&crop=1,2025-10-15 00:00:00,Kremlin rejeita afirmação de Trump de que Brics tem dólar como alvo,https://www.cnnbrasil.com.br/economia/macroeconomia/kremlin-rejeita-afirmacao-de-trump-de-que-brics-tem-dolar-como-alvo/,CNN,2025-10-25 13:25:28,7148349734169871997
https://admin.cnnbrasil.com.br/wp-content/uploads/sites/12/Reuters_Direct_Media/BrazilOnlineReportBusinessNews/tagreuters.com2025binary_LYNXMPEL6O0HM-BASEIMAGE.jpg?w=419&h=249&crop=1,2025-10-14 00:00:00,"Ibovespa fecha estável e dólar vai a R$ 5,47 após falas de Powell",https://www.cnnbrasil.com.br/economia/mercado/mercado-financeiro-ibovespa-dolar-14-outubro-2025/,CNN,2025-10-25 13:25:28,4431830960654458707
https://admin.cnnbrasil.com.br/wp-content/uploads/sites/12/Reuters_Direct_Media/BrazilOnlineReportBusinessNews/tagreuters.com2025binary_LYNXMPEL5C0UO-BASEIMAGE.jpg?w=419&h=249&crop=1,2025-10-13 00:00:00,"Ibovespa fecha em alta com alívio entre EUA e China; dólar cai a R$ 5,46",https://www.cnnbrasil.com.br/economia/mercado/mercado-financeiro-ibovespa-dolar-13-outubro-2025/,CNN,2025-10-25 13:25:28,2867834425154452170
https://admin.cnnbrasil.com.br/wp-content/uploads/sites/12/2025/10/WhatsApp-Image-2025-10-09-at-23.24.50.jpeg?w=419&h=249&crop=1,2025-10-11 00:00:00,"Moeda dos Brics afetaria economia dos EUA, diz ex-Fórum Econômico Mundial",https://www.cnnbrasil.com.br/economia/macroeconomia/moeda-dos-brics-afetaria-economia-dos-eua-diz-ex-forum-economico-mundial/,CNN,2025-10-25 13:25:28,-4857606591029161005
https://admin.cnnbrasil.com.br/wp-content/uploads/sites/12/2024/12/DOLAR-REAL.png?w=419&h=249&crop=1,2025-10-10 00:00:00,Real tem pior desempenho contra o dólar com retomada do temor fiscal,https://www.cnnbrasil.com.br/economia/mercado/real-tem-pior-desempenho-contra-o-dolar-com-retomada-do-temor-fiscal/,CNN,2025-10-25 13:25:28,-706150593070535697
https://admin.cnnbrasil.com.br/wp-content/uploads/sites/12/Reuters_Direct_Media/BrazilOnlineReportBusinessNews/tagreuters.com2025binary_LYNXNPEL550LH-BASEIMAGE.jpg?w=419&h=249&crop=1,2025-10-10 00:00:00,"Dólar volta a R$ 5,50 após disparar mais de 3% na semana; bolsa cai 2,4%",https://www.cnnbrasil.com.br/economia/mercado/mercado-financeiro-ibovespa-dolar-10-outubro-2025/,CNN,2025-10-25 13:25:28,-3905256740322952673
https://admin.cnnbrasil.com.br/wp-content/uploads/sites/12/Reuters_Direct_Media/BrazilOnlineReportBusinessNews/tagreuters.com2025binary_LYNXMPEL5B0K4-BASEIMAGE.jpg?w=419&h=249&crop=1,2025-10-09 00:00:00,"Ibovespa cai com temor fiscal e decisão do Congresso; dólar vai a R$ 5,37",https://www.cnnbrasil.com.br/economia/mercado/mercado-financeiro-ibovespa-dolar-09-outubro-2025/,CNN,2025-10-25 13:25:28,-7967901233708256889
https://admin.cnnbrasil.com.br/wp-content/uploads/sites/12/Reuters_Direct_Media/BrazilOnlineReportBusinessNews/tagreuters.com2025binary_LYNXNPEL5414U-BASEIMAGE.jpg?w=419&h=249&crop=1,2025-10-08 00:00:00,"Ibovespa sobe 0,6% em dia de ajustes; dólar cai à espera do Congresso",https://www.cnnbrasil.com.br/economia/mercado/mercado-financeiro-ibovespa-dolar-08-outubro-2025/,CNN,2025-10-25 13:25:28,1983175416891031414
https://admin.cnnbrasil.com.br/wp-content/uploads/sites/12/Reuters_Direct_Media/BrazilOnlineReportBusinessNews/tagreuters.com2025binary_LYNXMPEL5B0K4-BASEIMAGE.jpg?w=419&h=249&crop=1,2025-10-07 00:00:00,"Ibovespa fecha em queda de 1,6% com receio fiscal; dólar sobe a R$ 5,35",https://www.cnnbrasil.com.br/economia/mercado/mercado-financeiro-ibovespa-dolar-07-outubro-2025/,CNN,2025-10-25 13:25:28,-3073620691609760546
https://admin.cnnbrasil.com.br/wp-content/uploads/sites/12/Reuters_Direct_Media/BrazilOnlineReportBusinessNews/tagreuters.com2025binary_LYNXNPEL550LH-BASEIMAGE.jpg?w=419&h=249&crop=1,2025-10-06 00:00:00,Dólar e Ibovespa caem em dia de conversa entre Lula e Trump,https://www.cnnbrasil.com.br/economia/mercado/mercado-financeiro-ibovespa-dolar-06-outubro-2025/,CNN,2025-10-25 13:25:28,4579840864988441490
https://f.i.uol.com.br/fotografia/2025/06/02/1748869614683da1ee6dba9_1748869614_3x2_md.jpg,2025-10-24 00:00:00,Empréstimos em yuan no exterior disparam com campanha da China contra o dólar,https://www1.folha.uol.com.br/mercado/2025/10/emprestimos-em-yuan-no-exterior-disparam-com-campanha-da-china-contra-o-dolar.shtml,Folha,2025-10-25 13:27:25,1057527887499510445
https://f.i.uol.com.br/fotografia/2025/02/12/173936935067acab8672bf8_1739369350_3x2_md.jpg,2025-10-24 00:00:00,Inflação dos EUA sobe menos que o esperado em setembro e chega a 3% em 12 meses,https://www1.folha.uol.com.br/mercado/2025/10/inflacao-dos-eua-sobe-menos-que-o-esperado-em-setembro-e-chega-a-3-em-12-meses.shtml,Folha,2025-10-25 13:27:25,3893060005567275231
https://f.i.uol.com.br/fotografia/2019/01/31/15489701235c53688b5f2a1_1548970123_3x2_md.jpg,2025-10-24 00:00:00,Dólar e Bolsa fecham em leve alta após dados de inflação do Brasil e dos EUA abaixo do esperado,https://www1.folha.uol.com.br/mercado/2025/10/dolar-abre-estavel-com-inflacoes-do-brasil-e-dos-eua-no-radar.shtml,Folha,2025-10-25 13:27:25,-9048428347152699503
https://f.i.uol.com.br/fotografia/2025/07/31/1753971033688b79598a0ba_1753971033_3x2_md.jpg,2025-10-23 00:00:00,Dólar fecha em queda e Bolsa sobe com exterior no foco dos investidores,https://www1.folha.uol.com.br/mercado/2025/10/dolar-abre-em-baixa-com-exterior-no-foco-dos-investidores.shtml,Folha,2025-10-25 13:27:25,-6296363648122120301
https://f.i.uol.com.br/fotografia/2025/10/22/176118377868f988229ce6e_1761183778_3x2_md.jpg,2025-10-23 00:00:00,Investidores apostam em desvalorização do peso argentino após eleições do fim de semana,https://www1.folha.uol.com.br/mercado/2025/10/investidores-apostam-em-desvalorizacao-do-peso-argentino-apos-eleicoes-do-fim-de-semana.shtml,Folha,2025-10-25 13:27:25,-8654270267669377640
https://f.i.uol.com.br/fotografia/2025/10/22/176114484968f8f011dc411_1761144849_3x2_md.jpg,2025-10-22 00:00:00,Por que os EUA estão apoiando a moeda da Argentina?,https://www1.folha.uol.com.br/mercado/2025/10/por-que-os-eua-estao-apoiando-a-moeda-da-argentina.shtml,Folha,2025-10-25 13:27:25,776820177055650386
https://f.i.uol.com.br/fotografia/2025/02/06/173887107367a51121f10d7_1738871073_3x2_md.jpg,2025-10-22 00:00:00,Dólar e Bolsa fecham em alta com mercado atento a contas públicas e tensões entre EUA e China,https://www1.folha.uol.com.br/mercado/2025/10/acompanhe-a-cotacao-do-dolar-nesta-quarta-feira-22.shtml,Folha,2025-10-25 13:27:25,-1261003791761425772
https://f.i.uol.com.br/fotografia/2025/10/21/176108679568f80d4be80a6_1761086795_3x2_md.jpg,2025-10-21 00:00:00,Detalhes de recuperação judicial da Ambipar geram disputas paralelas,https://www1.folha.uol.com.br/colunas/painelsa/2025/10/detalhes-de-recuperacao-judicial-da-ambipar-geram-disputas-paralelas.shtml,Folha,2025-10-25 13:27:25,1053265684227624149
https://f.i.uol.com.br/fotografia/2024/11/28/173280425367487e9dec68c_1732804253_3x2_md.jpg,2025-10-21 00:00:00,Mercado de títulos corporativos do Brasil é abalado por preocupações com crédito,https://www1.folha.uol.com.br/mercado/2025/10/mercado-de-titulos-corporativos-do-brasil-e-abalado-por-preocupacoes-com-credito.shtml,Folha,2025-10-25 13:27:25,6423725063779673697
https://f.i.uol.com.br/fotografia/2025/04/08/174413123867f554a660dce_1744131238_3x2_md.jpg,2025-10-21 00:00:00,Dólar fecha em alta com negociações entre EUA e China e cenário fiscal no radar; Bolsa cai,https://www1.folha.uol.com.br/mercado/2025/10/dolar-abre-em-leve-nesta-terca-feira-acompanhando-tendencia-no-exterior.shtml,Folha,2025-10-25 13:27:25,-8467763517249823198
https://f.i.uol.com.br/fotografia/2025/10/20/176100682168f6d4e5d5abc_1761006821_3x2_md.jpg,2025-10-21 00:00:00,Como funciona o Federal Reserve e por que Donald Trump tenta mudá-lo,https://www1.folha.uol.com.br/mercado/2025/10/como-funciona-o-federal-reserve-e-por-que-donald-trump-tenta-muda-lo.shtml,Folha,2025-10-25 13:27:25,-3563315158036497264
https://f.i.uol.com.br/fotografia/2025/10/20/176099626268f6aba6d4ab9_1760996262_3x2_md.jpg,2025-10-21 00:00:00,Aposta dos EUA na Argentina beneficia quase ninguém,https://www1.folha.uol.com.br/mercado/2025/10/aposta-dos-eua-na-argentina-beneficia-quase-ninguem.shtml,Folha,2025-10-25 13:27:25,-5391243480487105557
https://f.i.uol.com.br/fotografia/2025/03/06/174130365967ca2f6b1046d_1741303659_3x2_md.jpg,2025-10-20 00:00:00,Dólar fecha em queda e Bolsa tem forte alta com foco do mercado voltado ao exterior,https://www1.folha.uol.com.br/mercado/2025/10/acompanhe-a-cotacao-do-dolar-nesta-segunda-feira-20.shtml,Folha,2025-10-25 13:27:25,-5724984156967042697
https://f.i.uol.com.br/fotografia/2025/01/08/1736339637677e70b5d4c3b_1736339637_3x2_md.jpg,2025-10-19 00:00:00,Stablecoin é usada como alternativa para turista driblar IOF no exterior,https://www1.folha.uol.com.br/mercado/2025/10/stablecoin-e-usada-como-alternativa-para-turista-driblar-iof-no-exterior.shtml,Folha,2025-10-25 13:27:25,-7958954527705982503
https://f.i.uol.com.br/fotografia/2024/07/17/172126192466985f64029f6_1721261924_3x2_md.jpg,2025-10-18 00:00:00,A era do milionário sem liquidez chegou aos EUA,https://www1.folha.uol.com.br/mercado/2025/10/a-era-do-milionario-sem-liquidez-chegou-aos-eua.shtml,Folha,2025-10-25 13:27:25,1194090524582293670
https://f.i.uol.com.br/fotografia/2025/10/15/176054734068efd20cac3ab_1760547340_3x2_md.jpg,2025-10-17 00:00:00,Secretário de Tesouro dos EUA anuncia novas intervenções para apoiar peso argentino,https://www1.folha.uol.com.br/mercado/2025/10/secretario-de-tesouro-dos-eua-anuncia-novas-intervencoes-para-apoiar-peso-argentino.shtml,Folha,2025-10-25 13:27:25,6166664612704594355
https://f.i.uol.com.br/fotografia/2025/10/12/176031267668ec3d64cb4e8_1760312676_3x2_md.jpg,2025-10-17 00:00:00,Investidores alertam para riscos em empréstimos alavancados após colapso da First Brands,https://www1.folha.uol.com.br/mercado/2025/10/investidores-alertam-para-riscos-em-emprestimos-alavancados-apos-colapso-da-first-brands.shtml,Folha,2025-10-25 13:27:25,7015013962573798825
https://f.i.uol.com.br/fotografia/2019/01/31/15489701235c53688b5f2a1_1548970123_3x2_md.jpg,2025-10-17 00:00:00,"Dólar fecha em queda e Bolsa sobe, com tarifas de Trump e risco de bolha de crédito no radar",https://www1.folha.uol.com.br/mercado/2025/10/dolar-abre-estavel-em-dia-de-agenda-economica-esvaziada.shtml,Folha,2025-10-25 13:27:25,-8553188068231213563
https://f.i.uol.com.br/fotografia/2025/10/16/176064611868f153e6a9b31_1760646118_3x2_md.jpg,2025-10-16 00:00:00,Títulos venezuelanos disparam enquanto administração Trump 'joga duro',https://www1.folha.uol.com.br/mercado/2025/10/titulos-venezuelanos-disparam-enquanto-administracao-trump-joga-duro.shtml,Folha,2025-10-25 13:27:25,8108050354154740572
https://f.i.uol.com.br/fotografia/2025/01/02/173586385067772e2a16afa_1735863850_3x2_md.jpg,2025-10-16 00:00:00,Argentinos vendem peso com aposta em fracasso do resgate dos EUA,https://www1.folha.uol.com.br/mercado/2025/10/argentinos-vendem-peso-com-aposta-em-fracasso-do-resgate-dos-eua.shtml,Folha,2025-10-25 13:27:25,-3562405271336033951
https://f.i.uol.com.br/fotografia/2025/01/20/1737387153678e6c91bb9f6_1737387153_3x2_md.jpg,2025-10-16 00:00:00,Dólar e Bolsa fecham em queda com mercado atento a exterior e dados de atividade econômica do Brasil,https://www1.folha.uol.com.br/mercado/2025/10/dolar-abre-em-queda-nesta-quinta-feira-com-dados-de-atividade-economica-no-radar.shtml,Folha,2025-10-25 13:27:25,-6920772872113269308
https://f.i.uol.com.br/fotografia/2025/02/12/173938675767acef852e505_1739386757_3x2_md.jpg,2025-10-16 00:00:00,Fim da moeda de um centavo de dólar causa prejuízo para alguns negócios,https://www1.folha.uol.com.br/mercado/2025/10/fim-da-moeda-de-um-centavo-de-dolar-causa-prejuizo-para-alguns-negocios.shtml,Folha,2025-10-25 13:27:25,7548395711538558247
https://f.i.uol.com.br/fotografia/2025/10/14/176045480768ee68975647d_1760454807_3x2_md.jpg,2025-10-16 00:00:00,"Com nova era dos juros longos, risco volta a ter preço",https://www1.folha.uol.com.br/colunas/solange-srour/2025/10/com-nova-era-dos-juros-longos-risco-volta-a-ter-preco.shtml,Folha,2025-10-25 13:27:25,-5748667023020449908
https://f.i.uol.com.br/fotografia/2025/09/10/175754587868c20596ac734_1757545878_3x2_md.jpg,2025-10-15 00:00:00,Maior banqueiro dos Estados Unidos lança teoria da barata para falar de perigo de bolha,https://www1.folha.uol.com.br/colunas/viniciustorres/2025/10/maior-banqueiro-dos-estados-unidos-lanca-teoria-da-barata-para-falar-de-perigo-de-bolha.shtml,Folha,2025-10-25 13:27:25,-661023831078067141
https://f.i.uol.com.br/fotografia/2025/04/08/174413123867f554a660dce_1744131238_3x2_md.jpg,2025-10-15 00:00:00,Dólar fecha em queda e Bolsa avança com expectativa sobre novo corte de juros nos EUA,https://www1.folha.uol.com.br/mercado/2025/10/dolar-abre-em-leve-queda-nesta-quarta-feira-com-investidores-avaliando-discurso-no-fed.shtml,Folha,2025-10-25 13:27:25,-8636393463189944889
https://f.i.uol.com.br/fotografia/2025/10/14/176048263168eed54729aff_1760482631_3x2_md.jpg,2025-10-14 00:00:00,"Como o mundo evitou a explosão da bomba econômica de Trump, segundo o FMI",https://www1.folha.uol.com.br/colunas/viniciustorres/2025/10/como-o-mundo-evitou-a-explosao-da-bomba-economica-de-trump-segundo-o-fmi.shtml,Folha,2025-10-25 13:27:25,1568603635624909975
https://f.i.uol.com.br/fotografia/2025/10/14/176046911968eea07fe5b85_1760469119_3x2_md.jpg,2025-10-14 00:00:00,Crise no câmbio faz inflação na Argentina voltar a acelerar em setembro,https://www1.folha.uol.com.br/mercado/2025/10/crise-no-cambio-faz-inflacao-na-argentina-voltar-a-acelerar-em-setembro.shtml,Folha,2025-10-25 13:27:25,-1449993830695961662
https://f.i.uol.com.br/fotografia/2025/05/26/17482906126834cc3495fd1_1748290612_3x2_md.jpg,2025-10-14 00:00:00,"Dólar fecha em alta e Bolsa fica estável, com relação entre EUA e China e juros do Fed em foco",https://www1.folha.uol.com.br/mercado/2025/10/dolar-abre-em-forte-alta-nesta-terca-feira-com-preocupacao-sobre-eua-e-china.shtml,Folha,2025-10-25 13:27:25,6256965627149569239
https://f.i.uol.com.br/fotografia/2025/07/31/1753971033688b79598a0ba_1753971033_3x2_md.jpg,2025-10-13 00:00:00,Dólar fecha em queda e Bolsa sobe com alívio nas tensões entre EUA e China,https://www1.folha.uol.com.br/mercado/2025/10/dolar-abre-em-baixa-com-tensoes-comerciais-entre-eua-e-china-em-foco.shtml,Folha,2025-10-25 13:27:25,-7375636774276608610
https://f.i.uol.com.br/fotografia/2025/06/09/174948679968470ccf750a5_1749486799_3x2_md.jpg,2025-10-13 00:00:00,"Economistas reduzem previsão da inflação em quase 0,1 ponto percentual",https://www1.folha.uol.com.br/mercado/2025/10/economistas-reduzem-previsao-da-inflacao-em-quase-01-ponto-percentual.shtml,Folha,2025-10-25 13:27:25,2463261749957083848
https://f.i.uol.com.br/fotografia/2025/10/12/176031267668ec3d64cb4e8_1760312676_3x2_md.jpg,2025-10-12 00:00:00,Todo gráfico bonito esconde uma história de medo,https://www1.folha.uol.com.br/blogs/de-grao-em-grao/2025/10/todo-grafico-bonito-esconde-uma-historia-de-medo.shtml,Folha,2025-10-25 13:27:25,1551794574306717927
https://f.i.uol.com.br/fotografia/2025/10/11/176021819668eacc545d17d_1760218196_3x2_md.jpg,2025-10-11 00:00:00,"Novo tiroteio entre EUA e China deve ferir dólar, juros e Bolsas nas próximas semanas",https://www1.folha.uol.com.br/colunas/viniciustorres/2025/10/novo-tiroteio-entre-eua-e-china-deve-ferir-dolar-juros-e-bolsas-nas-proximas-semanas.shtml,Folha,2025-10-25 13:27:25,-1712874816414912793
https://f.i.uol.com.br/fotografia/2025/05/29/17485503146838c2aae9f0d_1748550314_3x2_md.jpg,2025-10-11 00:00:00,"Em mais uma reviravolta, alta do dólar aparece no radar dos mercados globais",https://www1.folha.uol.com.br/mercado/2025/10/em-mais-uma-reviravolta-alta-do-dolar-aparece-no-radar-dos-mercados-globais.shtml,Folha,2025-10-25 13:27:25,4340899835157728927
https://f.i.uol.com.br/fotografia/2019/01/31/15489701235c53688b5f2a1_1548970123_3x2_md.jpg,2025-10-10 00:00:00,"Dólar dispara 2% e vai a R$ 5,50, com mercado atento a risco fiscal e tensão entre Trump e China; Bolsa cai",https://www1.folha.uol.com.br/mercado/2025/10/dolar-abre-em-baixa-com-falas-de-autoridades-e-dados-dos-eua-em-foco.shtml,Folha,2025-10-25 13:27:25,-5717169968755446062
https://f.i.uol.com.br/fotografia/2025/10/02/175943546668dedaca89b83_1759435466_3x2_md.jpg,2025-10-09 00:00:00,Governo Trump socorre Argentina com compra de moeda e promessa de US$ 20 bi,https://www1.folha.uol.com.br/mercado/2025/10/governo-trump-socorre-argentina-com-compra-de-moeda-e-promessa-de-us-20-bi.shtml,Folha,2025-10-25 13:27:25,8508130342104174860
https://f.i.uol.com.br/fotografia/2021/10/28/1635458668617b1e6cae287_1635458668_3x2_md.jpg,2025-10-09 00:00:00,B3 exclui Ambipar de seus índices e não renovará certificação de ações verdes,https://www1.folha.uol.com.br/mercado/2025/10/b3-exclui-ambipar-de-seus-indices-e-nao-renovara-certificacao-de-acoes-verdes.shtml,Folha,2025-10-25 13:27:25,-5373008341788851645
https://f.i.uol.com.br/fotografia/2022/07/21/165844722462d9e578534c8_1658447224_3x2_md.jpg,2025-10-09 00:00:00,"Dólar fecha em alta e Bolsa cai após derrubada de MP de impostos, com dados de inflação no radar",https://www1.folha.uol.com.br/mercado/2025/10/dolar-abre-em-queda-apos-derrubada-de-mp-de-impostos.shtml,Folha,2025-10-25 13:27:25,-2831970336961450797
https://f.i.uol.com.br/fotografia/2025/10/08/175996533868e6f09a0bb1e_1759965338_3x2_md.jpg,2025-10-08 00:00:00,"Há medo de virada feia no mercado mundial com IA, ouro e bitcoin nas alturas",https://www1.folha.uol.com.br/colunas/viniciustorres/2025/10/ha-medo-de-virada-feia-no-mercado-mundial-com-ia-ouro-e-bitcoin-nas-alturas.shtml,Folha,2025-10-25 13:27:25,4888248948221321296
https://f.i.uol.com.br/fotografia/2025/09/20/175838741268cedcd4e8b59_1758387412_3x2_md.jpg,2025-10-08 00:00:00,Tesouro da Argentina tenta conter queda do peso enquanto aguarda apoio dos EUA,https://www1.folha.uol.com.br/mercado/2025/10/tesouro-da-argentina-tenta-conter-queda-do-peso-enquanto-aguarda-apoio-dos-eua.shtml,Folha,2025-10-25 13:27:25,8356021219008370053
https://f.i.uol.com.br/fotografia/2025/07/01/17513722736863d1f158995_1751372273_3x2_md.jpg,2025-10-08 00:00:00,"Brasil tem fluxo cambial negativo de US$ 223 milhões em setembro, diz BC",https://www1.folha.uol.com.br/mercado/2025/10/brasil-tem-fluxo-cambial-negativo-de-us-223-milhoes-em-setembro-diz-bc.shtml,Folha,2025-10-25 13:27:25,-9201775661467681171
https://f.i.uol.com.br/fotografia/2025/05/29/17485503146838c2aae9f0d_1748550314_3x2_md.jpg,2025-10-08 00:00:00,"Dólar fecha em leve queda e Bolsa avança, com agenda do Congresso e ata do Fed no radar",https://www1.folha.uol.com.br/mercado/2025/10/dolar-abre-em-leve-alta-nesta-quarta-feira-com-investidores-a-espera-de-ata-do-fed.shtml,Folha,2025-10-25 13:27:25,1401933835390010423
https://f.i.uol.com.br/fotografia/2025/10/07/175985811168e54dbf2feaf_1759858111_3x2_md.jpg,2025-10-08 00:00:00,O que está impulsionando as altas do ouro e do bitcoin?,https://www1.folha.uol.com.br/mercado/2025/10/o-que-esta-impulsionando-as-altas-do-ouro-e-do-bitcoin.shtml,Folha,2025-10-25 13:27:25,-4960913768922289183
https://f.i.uol.com.br/fotografia/2024/04/17/1713374955662006ebbd69b_1713374955_3x2_md.jpg,2025-10-07 00:00:00,Dólar fecha em alta com MP de aumento de impostos em foco; Bolsa tem forte queda,https://www1.folha.uol.com.br/mercado/2025/10/dolar-abre-em-leve-alta-nesta-terca-feira-atento-a-negociacoes-entre-brasil-e-eua.shtml,Folha,2025-10-25 13:27:25,-338223353488234608
https://f.i.uol.com.br/fotografia/2025/10/06/175980330568e477a9c4dea_1759803305_3x2_md.jpg,2025-10-06 00:00:00,Milei lança livro em que fala de milagre na economia enquanto ministro pede ajuda dos EUA,https://www1.folha.uol.com.br/mercado/2025/10/milei-lanca-livro-em-que-fala-de-milagre-na-economia-enquanto-ministro-pede-ajuda-dos-eua.shtml,Folha,2025-10-25 13:27:25,-4398901495445405653
https://f.i.uol.com.br/fotografia/2025/10/06/175978983068e443066c796_1759789830_3x2_md.jpg,2025-10-06 00:00:00,Economia americana ainda resiste a Trump,https://www1.folha.uol.com.br/opiniao/2025/10/economia-americana-ainda-resiste-a-trump.shtml,Folha,2025-10-25 13:27:25,5946528154812005124
https://f.i.uol.com.br/fotografia/2025/07/31/1753971033688b79598a0ba_1753971033_3x2_md.jpg,2025-10-06 00:00:00,"Dólar e Bolsa fecham em queda, com ligação entre Lula e Trump nos holofotes",https://www1.folha.uol.com.br/mercado/2025/10/dolar-abre-em-leve-alta-nesta-segunda-feira-acompanhando-tendencia-mundial.shtml,Folha,2025-10-25 13:27:25,-6272802815005989192
https://f.i.uol.com.br/fotografia/2025/07/01/17513722736863d1f158995_1751372273_3x2_md.jpg,2025-10-06 00:00:00,Economistas reduzem previsão da inflação e do dólar neste ano,https://www1.folha.uol.com.br/mercado/2025/10/economistas-reduzem-previsao-da-inflacao-e-do-dolar-neste-ano.shtml,Folha,2025-10-25 13:27:25,-3936530697090793424
https://f.i.uol.com.br/fotografia/2025/09/19/175830638068cda04ce04c3_1758306380_3x2_md.jpg,2025-10-05 00:00:00,Economia entre apagões e 'milagrinhos',https://www1.folha.uol.com.br/colunas/marcos-de-vasconcellos/2025/10/economia-entre-apagoes-e-milagrinhos.shtml,Folha,2025-10-25 13:27:25,-6005678901640238357
https://f.i.uol.com.br/fotografia/2025/10/04/175959234068e13f9430aaa_1759592340_3x2_md.jpg,2025-10-04 00:00:00,O futuro da intermediação financeira,https://www1.folha.uol.com.br/colunas/roberto-campos-neto/2025/10/o-futuro-da-intermediacao-financeira.shtml,Folha,2025-10-25 13:27:25,8353023314740065597
https://f.i.uol.com.br/fotografia/2025/08/18/175551807368a31479eba52_1755518073_3x2_md.jpg,2025-10-04 00:00:00,Vinte anos de avanços e retrocessos chegam a um desfecho na Bolívia,https://www1.folha.uol.com.br/colunas/sylvia-colombo/2025/10/vinte-anos-de-avancos-e-retrocessos-chegam-a-um-desfecho-na-bolivia.shtml,Folha,2025-10-25 13:27:25,-6836936391445509607
https://f.i.uol.com.br/fotografia/2025/10/04/175959832668e156f6f3f62_1759598326_3x2_md.jpg,2025-10-04 00:00:00,Bode da eleição de Lula 4 entra na sala do mercado,https://www1.folha.uol.com.br/colunas/viniciustorres/2025/10/bode-da-eleicao-de-lula-4-entra-na-sala-do-mercado.shtml,Folha,2025-10-25 13:27:25,-1803189217099210205
https://f.i.uol.com.br/fotografia/2025/10/04/175959644968e14fa108b07_1759596449_3x2_md.jpg,2025-10-04 00:00:00,EUA divulgam esboço de moeda de US$ 1 com Trump para celebrar 250 anos de independência,https://www1.folha.uol.com.br/mercado/2025/10/eua-divulgam-esboco-de-moeda-de-us-1-com-trump-para-celebrar-250-anos-de-independencia.shtml,Folha,2025-10-25 13:27:25,8936364942957266905
https://f.i.uol.com.br/fotografia/2025/10/03/175950629468dfef767ce8b_1759506294_3x2_md.jpg,2025-10-03 00:00:00,Medo da falência assombra fundador da Nvidia e ajuda a explicar sucesso da empresa mais valiosa do mundo,https://www1.folha.uol.com.br/mercado/2025/10/medo-da-falencia-assombra-fundador-da-nvidia-e-ajuda-a-explicar-sucesso-da-empresa-mais-valiosa-do-mundo.shtml,Folha,2025-10-25 13:27:25,-2944766525413216584
https://f.i.uol.com.br/fotografia/2020/09/23/16008871855f6b9991ab0f9_1600887185_3x2_md.jpg,2025-10-03 00:00:00,Dólar fecha estável e Bolsa sobe com 'shutdown' nos EUA e contas públicas nos holofotes,https://www1.folha.uol.com.br/mercado/2025/10/dolar-oscila-perto-da-estabilidade-na-abertura-dos-negocios-no-brasil.shtml,Folha,2025-10-25 13:27:25,8003965194770994700
https://f.i.uol.com.br/fotografia/2020/02/12/15815485235e4483ebe3b82_1581548523_3x2_md.jpg,2025-10-03 00:00:00,Redução da frota de cruzeiros acende alerta no setor de viagens marítimas,https://www1.folha.uol.com.br/mercado/2025/10/reducao-da-frota-de-cruzeiros-acende-alerta-no-setor-de-viagens-maritimas.shtml,Folha,2025-10-25 13:27:25,-1958932878360755814
https://f.i.uol.com.br/fotografia/2025/10/02/175945066568df162936c5a_1759450665_3x2_md.jpg,2025-10-02 00:00:00,'O mercado' ficou com medo de um plano Lula de ônibus grátis para todos,https://www1.folha.uol.com.br/colunas/viniciustorres/2025/10/o-mercado-ficou-com-medo-de-um-plano-lula-de-onibus-gratis-para-todos.shtml,Folha,2025-10-25 13:27:25,8949662732123645166
https://f.i.uol.com.br/fotografia/2025/10/02/175945124568df186debaac_1759451245_3x2_md.jpg,2025-10-02 00:00:00,"É a taxa de câmbio, estúpido!",https://www1.folha.uol.com.br/colunas/braulio-borges/2025/10/e-a-taxa-de-cambio-estupido.shtml,Folha,2025-10-25 13:27:25,-4812263863288301236
https://f.i.uol.com.br/fotografia/2019/01/31/15489701235c53688b5f2a1_1548970123_3x2_md.jpg,2025-10-02 00:00:00,Real é terceira moeda que mais se valorizou no ano ante o dólar,https://www1.folha.uol.com.br/colunas/painelsa/2025/10/real-e-terceira-moeda-que-mais-se-valorizou-no-ano-ante-o-dolar.shtml,Folha,2025-10-25 13:27:25,-97536842214277820
https://f.i.uol.com.br/fotografia/2025/10/02/175943546668dedaca89b83_1759435466_3x2_md.jpg,2025-10-02 00:00:00,Ministro de Milei vai aos EUA em busca de ajuda para acalmar dólar até eleições,https://www1.folha.uol.com.br/mercado/2025/10/ministro-de-milei-vai-aos-eua-em-busca-de-ajuda-para-acalmar-dolar-ate-eleicoes.shtml,Folha,2025-10-25 13:27:25,290586509453457781
https://f.i.uol.com.br/fotografia/2025/09/22/175854989068d15782cf3e0_1758549890_3x2_md.jpg,2025-10-02 00:00:00,Promessa de resgate da Argentina feita por Bessent é posta à prova por investidores,https://www1.folha.uol.com.br/mercado/2025/10/promessa-de-resgate-da-argentina-feita-por-bessent-e-posta-a-prova-por-investidores.shtml,Folha,2025-10-25 13:27:25,-1804109199256904308
https://f.i.uol.com.br/fotografia/2019/04/25/15561950965cc1a718c831c_1556195096_3x2_md.jpg,2025-10-02 00:00:00,Dólar fecha em alta e Bolsa tem forte queda com isenção do IR no Brasil e 'shutdown' dos EUA,https://www1.folha.uol.com.br/mercado/2025/10/dolar-abre-em-baixa-apos-aprovacao-de-isencao-do-ir-na-camara.shtml,Folha,2025-10-25 13:27:25,7460036637132912130
https://f.i.uol.com.br/fotografia/2025/09/20/175838741268cedcd4e8b59_1758387412_3x2_md.jpg,2025-10-01 00:00:00,Distorções cambiais custam a Milei US$ 2 bilhões por mês na Argentina,https://www1.folha.uol.com.br/mercado/2025/10/distorcoes-cambiais-custam-a-milei-us-2-bilhoes-por-mes-na-argentina.shtml,Folha,2025-10-25 13:27:25,31316346537119600
https://f.i.uol.com.br/fotografia/2025/10/01/175933652368dd584bd2ff0_1759336523_3x2_md.jpg,2025-10-01 00:00:00,"Dólar enfrenta fraqueza prolongada com cortes de juros do Fed, dizem estrategistas",https://www1.folha.uol.com.br/mercado/2025/10/dolar-enfrenta-fraqueza-prolongada-com-cortes-de-juros-do-fed-dizem-estrategistas.shtml,Folha,2025-10-25 13:27:25,-1968533800294194420
https://f.i.uol.com.br/fotografia/2025/10/01/175933346068dd4c54e1645_1759333460_3x2_md.jpg,2025-10-01 00:00:00,"Milei dificulta compra de dólares, e peso volta a cair após breve calma no câmbio",https://www1.folha.uol.com.br/mercado/2025/10/milei-dificulta-compra-de-dolares-e-peso-volta-a-cair-apos-breve-calma-no-cambio.shtml,Folha,2025-10-25 13:27:25,-5312921609319625488
https://f.i.uol.com.br/fotografia/2020/02/17/15819382755e4a766332f21_1581938275_3x2_md.jpg,2025-10-01 00:00:00,Dólar fecha em leve alta e Bolsa cai com mercado de olho em paralisação do governo dos EUA,https://www1.folha.uol.com.br/mercado/2025/10/dolar-cai-ante-real-com-paralisacao-parcial-do-governo-dos-eua-no-radar.shtml,Folha,2025-10-25 13:27:25,3731426810024390040
https://f.i.uol.com.br/fotografia/2025/07/24/17533688586882491a49320_1753368858_3x2_md.jpg,2025-09-30 00:00:00,Mercado global de câmbio atinge US$ 10 tri por dia em meio à guerra comercial,https://www1.folha.uol.com.br/mercado/2025/09/mercado-global-de-cambio-atinge-us-10-tri-por-dia-em-meio-a-guerra-comercial.shtml,Folha,2025-10-25 13:27:25,-7281314414030270668
https://f.i.uol.com.br/fotografia/2025/09/30/175924525268dbf3c4cf043_1759245252_3x2_md.jpg,2025-09-30 00:00:00,Apagão do governo dos EUA pode enfraquecer dólar e atrasar dados econômicos,https://www1.folha.uol.com.br/mercado/2025/09/apagao-do-governo-dos-eua-pode-enfraquecer-dolar-e-atrasar-dados-economicos.shtml,Folha,2025-10-25 13:27:25,-2582589127742220304
https://f.i.uol.com.br/fotografia/2025/09/30/175923654268dbd1be260be_1759236542_3x2_md.jpg,2025-09-30 00:00:00,Visa aposta em stablecoins para acelerar pagamentos internacionais,https://www1.folha.uol.com.br/mercado/2025/09/visa-aposta-em-stablecoins-para-acelerar-pagamentos-internacionais.shtml,Folha,2025-10-25 13:27:25,2834104115003780050
https://f.i.uol.com.br/fotografia/2022/07/21/165844722462d9e578534c8_1658447224_3x2_md.jpg,2025-09-30 00:00:00,Dólar e Bolsa fecham em estabilidade com risco de apagão econômico no governo dos EUA,https://www1.folha.uol.com.br/mercado/2025/09/dolar-abre-estavel-com-possibilidade-de-apagao-no-governo-dos-eua.shtml,Folha,2025-10-25 13:27:25,-4803600978428649007
https://f.i.uol.com.br/fotografia/2025/09/29/175917758968daeb75d7105_1759177589_3x2_md.jpg,2025-09-29 00:00:00,Agência dos EUA acelera iniciativa de Trump de acabar com balanços trimestrais,https://www1.folha.uol.com.br/mercado/2025/09/agencia-dos-eua-acelera-iniciativa-de-trump-de-acabar-com-balancos-trimestrais.shtml,Folha,2025-10-25 13:27:25,-4216895386852628149
https://f.i.uol.com.br/fotografia/2019/01/31/15489700535c536845c50e4_1548970053_3x2_md.jpg,2025-09-29 00:00:00,Dólar fecha em queda e Bolsa sobe com atenções voltadas a Haddad e Galípolo,https://www1.folha.uol.com.br/mercado/2025/09/acompanhe-a-cotacao-do-dolar-nesta-segunda-feira-29.shtml,Folha,2025-10-25 13:27:25,-3315465223954687870
https://f.i.uol.com.br/fotografia/2025/03/24/174282012367e1531b795c7_1742820123_3x2_md.jpg,2025-09-29 00:00:00,"Economistas reduzem a previsão da inflação neste ano para 4,81%",https://www1.folha.uol.com.br/mercado/2025/09/economistas-reduzem-a-previsao-da-inflacao-neste-ano-para-481.shtml,Folha,2025-10-25 13:27:25,8427361350352877592
https://f.i.uol.com.br/fotografia/2025/09/28/175907580968d95de1277d7_1759075809_3x2_md.jpg,2025-09-28 00:00:00,Lula semeou desaceleração econômica no final do mandato,https://www1.folha.uol.com.br/opiniao/2025/09/lula-semeou-desaceleracao-economica-no-final-do-mandato.shtml,Folha,2025-10-25 13:27:25,1216300132479734905
https://f.i.uol.com.br/fotografia/2025/09/27/175900857768d857419c6a7_1759008577_3x2_md.jpg,2025-09-27 00:00:00,Benesses de Trump não garantem fôlego a Milei,https://www1.folha.uol.com.br/opiniao/2025/09/benesses-de-trump-nao-garantem-folego-a-milei.shtml,Folha,2025-10-25 13:27:25,-6189732872040619357
https://f.i.uol.com.br/fotografia/2024/07/29/172225408266a78302df999_1722254082_3x2_md.jpg,2025-09-27 00:00:00,Credibilidade custa caro,https://www1.folha.uol.com.br/colunas/ana-paula-vescovi/2025/09/credibilidade-custa-caro.shtml,Folha,2025-10-25 13:27:25,-3514979576346176882
https://f.i.uol.com.br/fotografia/2025/09/26/175892757168d71ad39b8cc_1758927571_3x2_md.jpg,2025-09-27 00:00:00,"Enterrada, fusão entre Gol e Azul estava congelada pelas empresas há meses",https://www1.folha.uol.com.br/mercado/2025/09/enterrada-fusao-entre-gol-e-azul-estava-congelada-pelas-empresas-ha-meses.shtml,Folha,2025-10-25 13:27:25,9112922865918571549
https://f.i.uol.com.br/fotografia/2020/05/06/15887987495eb3251dec50c_1588798749_3x2_md.jpg,2025-09-26 00:00:00,Dólar fecha em queda e Bolsa fica estável com dados de inflação dos EUA dentro do esperado,https://www1.folha.uol.com.br/mercado/2025/09/dolar-abre-em-leve-baixa-a-espera-do-indice-de-inflacao-dos-eua.shtml,Folha,2025-10-25 13:27:25,-6598622476299024200
https://f.i.uol.com.br/fotografia/2025/09/25/175884297468d5d05ea7089_1758842974_3x2_md.jpg,2025-09-25 00:00:00,Banco Central prevê PIB miudinho para 2026; conversa eleitoral vai ter de mudar,https://www1.folha.uol.com.br/colunas/viniciustorres/2025/09/banco-central-preve-pib-miudinho-para-o-2026-conversa-eleitoral-vai-ter-de-mudar.shtml,Folha,2025-10-25 13:27:25,2876542895356394431
https://f.i.uol.com.br/fotografia/2020/03/26/15852482115e7cf7d328546_1585248211_3x2_md.jpg,2025-09-25 00:00:00,Dólar fecha em alta e Bolsa cai com dados de emprego mais fortes que o esperado nos EUA,https://www1.folha.uol.com.br/mercado/2025/09/dolar-oscila-em-leve-baixa-enquanto-mercado-digere-projecoes-do-bc-e-ipca-15.shtml,Folha,2025-10-25 13:27:25,8631610715440722543
https://f.i.uol.com.br/fotografia/2019/01/31/15489701235c53688b5f2a1_1548970123_3x2_md.jpg,2025-09-24 00:00:00,Dólar fecha em forte alta e Bolsa renova recorde com tom cauteloso de Powell sobre juros nos EUA,https://www1.folha.uol.com.br/mercado/2025/09/dolar-abre-em-alta-apos-forte-queda-na-vespera-acompanhando-o-exterior.shtml,Folha,2025-10-25 13:27:25,2435809248836913741
https://f.i.uol.com.br/fotografia/2025/09/18/175822874268cc710639c38_1758228742_3x2_md.jpg,2025-09-23 00:00:00,As finanças da Argentina acabam de ficar ainda mais surreais,https://www1.folha.uol.com.br/mercado/2025/09/as-financas-da-argentina-acabam-de-ficar-ainda-mais-surreais.shtml,Folha,2025-10-25 13:27:25,3028324188247152244
https://f.i.uol.com.br/fotografia/2025/09/23/175864573468d2cde6875b9_1758645734_3x2_md.jpg,2025-09-23 00:00:00,EUA suspendem temporariamente cobrança adicional de US$ 250 para emissão de visto,https://www1.folha.uol.com.br/turismo/2025/09/eua-suspendem-temporariamente-cobranca-adicional-de-us-250-para-emissao-de-visto.shtml,Folha,2025-10-25 13:27:25,7558733755466815445
https://f.i.uol.com.br/fotografia/2024/11/15/1731695239673792871fc10_1731695239_3x2_md.jpg,2025-09-23 00:00:00,Como Javier Milei perdeu a confiança de investidores e recorreu a Trump,https://www1.folha.uol.com.br/mercado/2025/09/como-javier-milei-perdeu-a-confianca-de-investidores-e-recorreu-a-trump.shtml,Folha,2025-10-25 13:27:25,-4909241205357577509
https://f.i.uol.com.br/fotografia/2024/05/28/17169014396655d63f2528b_1716901439_3x2_md.jpg,2025-09-23 00:00:00,"Dólar fecha em R$ 5,28, e Bolsa bate sétimo recorde do mês com aceno ao diálogo entre Trump e Lula",https://www1.folha.uol.com.br/mercado/2025/09/dolar-abre-estavel-com-mercado-a-espera-de-lula-na-onu.shtml,Folha,2025-10-25 13:27:25,8472353433459757439
https://f.i.uol.com.br/fotografia/2025/09/22/175854911468d1547a0ecfd_1758549114_3x2_md.jpg,2025-09-22 00:00:00,"Entenda como serão as ofertas de ações da Cosan, que quer levantar R$ 10 bi",https://www1.folha.uol.com.br/mercado/2025/09/entenda-como-serao-as-ofertas-de-acoes-da-cosan-que-quer-levantar-r-10-bi.shtml,Folha,2025-10-25 13:27:25,9205160195382911929
https://f.i.uol.com.br/fotografia/2025/06/04/174903691468402f72ba886_1749036914_3x2_md.jpg,2025-09-22 00:00:00,Dólar fecha em alta e Bolsa cai com mercado atento a falas de Haddad e agenda da semana,https://www1.folha.uol.com.br/mercado/2025/09/dolar-abre-em-alta-nesta-segunda-22-na-contramao-do-exterior.shtml,Folha,2025-10-25 13:27:25,-1958757365478207225
https://f.i.uol.com.br/fotografia/2023/02/24/167728897263f9660caa826_1677288972_3x2_md.jpg,2025-09-22 00:00:00,"Economistas voltam a reduzir previsão para 2026 da Selic, que chega a 12,25%",https://www1.folha.uol.com.br/mercado/2025/09/economistas-voltam-a-reduzir-previsao-da-selic-para-2026-que-chega-a-1225.shtml,Folha,2025-10-25 13:27:25,1786925005461935765
https://f.i.uol.com.br/fotografia/2025/09/21/175846600768d00fd706b1f_1758466007_3x2_md.jpg,2025-09-21 00:00:00,O alerta do Morgan Stanley sobre a Bolsa americana,https://www1.folha.uol.com.br/blogs/de-grao-em-grao/2025/09/o-alerta-do-morgan-stanley-sobre-a-bolsa-americana.shtml,Folha,2025-10-25 13:27:25,-3923303872223904059
https://f.i.uol.com.br/fotografia/2025/09/19/175830638068cda04ce04c3_1758306380_3x2_md.jpg,2025-09-20 00:00:00,"Por enquanto, economia global não se intimida com choques de Trump",https://www1.folha.uol.com.br/mercado/2025/09/por-enquanto-economia-global-nao-se-intimida-com-choques-de-trump.shtml,Folha,2025-10-25 13:27:25,-6547949420670002532
https://f.i.uol.com.br/fotografia/2025/05/22/1747943990682f8236c4399_1747943990_3x2_md.jpg,2025-09-19 00:00:00,"'Vamos vender até o último dólar no teto da banda', diz ministro da Economia da Argentina",https://www1.folha.uol.com.br/mercado/2025/09/vamos-vender-ate-o-ultimo-dolar-no-teto-da-banda-diz-ministro-da-economia-da-argentina.shtml,Folha,2025-10-25 13:27:25,2255174573374788500
https://f.i.uol.com.br/fotografia/2025/06/10/17496022946848cff6dfffc_1749602294_3x2_md.jpg,2025-09-19 00:00:00,Bolsa renova recorde histórico de fechamento; dólar fica estável,https://www1.folha.uol.com.br/mercado/2025/09/dolar-abre-em-leve-alta-e-acompanha-outros-paises-com-agenda-esvaziada.shtml,Folha,2025-10-25 13:27:25,4479845980805109599
https://f.i.uol.com.br/fotografia/2025/09/18/175823959868cc9b6e8786c_1758239598_3x2_md.jpg,2025-09-18 00:00:00,"Quem opera day trade odeia dinheiro, diz Barsi",https://www1.folha.uol.com.br/mercado/2025/09/quem-opera-day-trade-odeia-dinheiro-diz-barsi.shtml,Folha,2025-10-25 13:27:25,-4820523518742345208
https://f.i.uol.com.br/fotografia/2025/09/18/175822874268cc710639c38_1758228742_3x2_md.jpg,2025-09-18 00:00:00,"Peso e Bolsa caem, e risco de investir na Argentina atinge maior patamar em um ano",https://www1.folha.uol.com.br/mercado/2025/09/peso-e-bolsa-caem-e-risco-de-investir-na-argentina-atinge-maior-patamar-em-um-ano.shtml,Folha,2025-10-25 13:27:25,7381717547980752412
https://f.i.uol.com.br/fotografia/2024/12/20/17346972946765614e8c5bb_1734697294_3x2_md.jpg,2025-09-18 00:00:00,Dólar fecha em alta e Bolsa cai após decisões de juros no Brasil e EUA,https://www1.folha.uol.com.br/mercado/2025/09/dolar-abre-em-queda-apos-decisoes-de-juros-no-brasil-e-eua.shtml,Folha,2025-10-25 13:27:25,8819908728992468144
https://f.i.uol.com.br/fotografia/2025/09/17/175814692568cb316dec615_1758146925_3x2_md.jpg,2025-09-17 00:00:00,"O real valorizou, mas o risco fiscal persiste",https://www1.folha.uol.com.br/colunas/solange-srour/2025/09/o-real-valorizou-mas-o-risco-fiscal-persiste.shtml,Folha,2025-10-25 13:27:25,1337976498488419346
https://f.i.uol.com.br/fotografia/2025/09/17/175814053168cb1873d98cd_1758140531_3x2_md.jpg,2025-09-17 00:00:00,"Com divisões internas, Fed faz primeiro corte no ano e reduz juros dos EUA em 0,25 ponto percentual",https://www1.folha.uol.com.br/mercado/2025/09/fed-faz-primeiro-corte-no-ano-e-reduz-juros-dos-eua-em-025-ponto-percentual.shtml,Folha,2025-10-25 13:27:25,-7080739990390078953
https://f.i.uol.com.br/fotografia/2025/01/08/1736362581677eca5537673_1736362581_3x2_md.jpg,2025-09-17 00:00:00,Dólar fecha quase estável e Bolsa sobe após corte de juros pelo Fed,https://www1.folha.uol.com.br/mercado/2025/09/dolar-abre-estavel-a-espera-de-decisoes-do-fed-e-bc.shtml,Folha,2025-10-25 13:27:25,454141487333666622
https://f.i.uol.com.br/fotografia/2025/05/30/1748643435683a2e6ba3714_1748643435_3x2_md.jpg,2025-09-17 00:00:00,A conta chega em 2027,https://www1.folha.uol.com.br/opiniao/2025/09/a-conta-chega-em-2027.shtml,Folha,2025-10-25 13:27:25,1914557881670924950
https://f.i.uol.com.br/fotografia/2025/06/10/17496022946848cff6dfffc_1749602294_3x2_md.jpg,2025-09-16 00:00:00,Diferença de juros entre Brasil e EUA deve aumentar nesta quarta e ajudar a segurar o dólar,https://www1.folha.uol.com.br/mercado/2025/09/diferenca-de-juros-entre-brasil-e-eua-deve-aumentar-nesta-quarta-e-ajudar-a-segurar-o-dolar.shtml,Folha,2025-10-25 13:27:25,9138767558206673065
